comment_id,text,like_count
65,"Does anyone know the final submission date? trying to plan ahead",10
88,"Struggling with my SOP intro — how do you make it memorable without sounding generic?",0
132,"Roughly how long does visa processing take these days?",4
8,"Do they evaluate family income strictly or is it mostly merit-based?",15
52,"Is admission first-come-first-serve or is there a hard deadline?",17
17,"In your experience, what weighs more: GPA or personal statement quality?",12
74,"When should I schedule IELTS/TOEFL to avoid missing deadlines?",11
176,"What’s a realistic monthly cost of living for students there?",10
18,"Would a 3.2 GPA be competitive for this program?",13
136,"Could receiving the scholarship impact visa approval odds?",3
158,"Anyone recently gone through the visa process? timeline updates?",0
14,"Can applicants with average grades realistically secure funding?",3
79,"Is the intake rolling throughout the year or batch-based?",17
181,"How much should I budget per month including rent and food?",0
159,"For embassy interviews, does holding a scholarship help your case?",7
87,"Are AI tools frowned upon in drafting application essays?",0
106,"Is it appropriate to mention personal struggles in a scholarship essay?",14
152,"What types of questions come up during embassy interviews?",15
114,"When writing SOPs, do they prefer structured achievements or storytelling?",22
154,"For visa documents, are notarized copies acceptable or originals only?",10
109,"Essay strategy question: highlight impact metrics or personal growth stories?",4
174,"Do university tuition fees usually include health insurance coverage?",11
187,"Is part-time employment allowed under this scholarship?",0
69,"If I skip fall intake, can I realistically apply for spring instead?",13
24,"Is a mid-range GPA automatically disqualifying?",0
77,"How early should someone start preparing if targeting spring intake?",9
81,"What’s the ideal word count for a competitive personal statement?",5
105,"How do you craft a compelling opening paragraph for a scholarship essay?",1
131,"What behavioral or background questions are common at embassies?",12
188,"What’s the average student budget per month?",0
44,"Test booking question — how far in advance is safe?",7
108,"How can I discuss hardship without sounding overly dramatic?",7
153,"Does the embassy focus heavily on future career plans?",9
31,"Has anyone with a non-perfect GPA received this scholarship?",8
43,"If I miss one intake, does that weaken future applications?",3
138,"Current estimate for visa turnaround time?",8
146,"Does scholarship status influence consular decisions?",15
178,"Any budgeting hacks from current international students?",7
124,"For embassy interviews, what areas do officers probe most?",0
35,"Are non-STEM majors eligible for this funding scheme?",22
120,"Is it okay to frame challenges as growth experiences in essays?",7
192,"Can students work while studying under this funding package?",2
47,"When is the safest time to book standardized tests?",3
78,"Is one month sufficient to prepare documents and recommendations?",2
12,"Between academics and essays, what matters more in selection?",11
100,"How detailed should a personal statement ideally be?",12
156,"What documentation is most scrutinized during interviews?",7
92,"Any techniques to avoid clichés in scholarship essays?",8
58,"When exactly is the application cutoff?",22
67,"Is it realistic to complete applications within 4 weeks?",12
82,"Looking for templates — how do strong SOP openings usually read?",3
196,"Does this scholarship fully cover living expenses?",8
57,"Trying to confirm the exact submission deadline",7
42,"Is a month enough to finalize SOP and recommendation letters?",16
110,"Can vulnerability strengthen an application essay?",10
13,"Do admissions committees prioritize grades over narrative?",21
59,"When should prep ideally begin for this cycle?",23
56,"Is four weeks enough for a solid application build?",8
115,"Any examples of essays that balance hardship and professionalism?",3
66,"Final deadline clarification needed",16
51,"If applying next term, when should prep realistically start?",17
102,"In essays, should I emphasize achievements or long-term vision?",15
194,"Are living costs fully subsidized under this award?",0
11,"Is financial background verification strict?",0
71,"If I miss fall intake, is spring still viable?",27
134,"Do embassies ask about post-study return plans?",14
107,"Is limited AI editing acceptable in essay drafting?",8
141,"Does scholarship backing make visa interviews smoother?",5
179,"Average rent and food cost estimates?",5
49,"How soon before deadlines should language tests be taken?",9
91,"Best practices for starting a personal statement?",9
5,"Are mid-tier academic records automatically filtered out?",10
111,"For essays, better to show impact numbers or storytelling depth?",1
189,"Estimated monthly expenses for international students?",8
119,"Are AI grammar tools considered unethical?",0
127,"Visa timeline and banking document requirements?",6
167,"Does funding extend to housing and utilities?",10
185,"Is health insurance bundled into tuition fees?",14
9,"How deeply do they review family financial statements?",11
126,"Do officers question long-term career intentions?",4
140,"Common embassy interview topics?",2
173,"Typical student budget in that city?",13
195,"Does the award include a stipend for daily living?",13
21,"Would a 2.8 GPA be considered competitive?",24
84,"What length do most successful personal statements have?",0
63,"Exact cutoff date confirmation please",12
46,"Rolling admissions or fixed review rounds?",16
95,"Ideal structure for a personal statement?",12
155,"What do embassies usually focus on during interviews?",9
16,"Are humanities majors eligible?",15
171,"Does the scholarship offer a monthly allowance?",9
76,"How early is too early to schedule standardized tests?",21
142,"Recent visa processing durations anyone?",0
135,"Are return-to-home-country commitments discussed?",8
129,"For visas, originals required or certified copies fine?",12
4,"Is GPA weighed heavier than extracurricular narrative?",0
94,"Are AI-generated drafts detectable by committees?",9
122,"Does scholarship confirmation improve visa approval rate?",1
118,"What’s better in essays — storytelling arc or achievement list?",8
38,"Eligibility question — are non-STEM applicants considered?",6
75,"Test scheduling strategy advice?",11
23,"Is this program restricted to STEM backgrounds?",12
166,"Under this funding, can students legally work part-time?",16
183,"Is housing support included in the award?",3
36,"Would a 3.0 GPA be within safe range?",24
33,"Is family income a deciding factor?",16
55,"Can I defer to spring intake without penalty?",17
37,"How strictly do they audit financial documents?",1
39,"Are average students still competitive?",16
48,"Clarifying — is admission rolling?",11
157,"Do visa officers require original banking proof?",13
30,"Academics vs essays — what tips the scale?",10
54,"Is there a strict review deadline?",9
116,"What stance do committees take on AI-assisted writing?",6
70,"Is spring intake application straightforward?",18
144,"Do embassies assess intent to return home?",8
10,"Is financial screening part of initial review?",16
93,"Any sample phrasing for sensitive essay topics?",7
199,"Can students take on-campus jobs under this visa?",0
170,"Are medical insurance fees separate from tuition?",6
45,"Is admission reviewed in waves or continuously?",18
29,"Is a mid-level GPA enough for serious consideration?",26
137,"How detailed should future job plans be in interviews?",6
73,"Advice on timing applications for spring term?",16
27,"Minimum GPA requirement insights?",9
96,"How do committees view AI paraphrasing tools?",0
22,"Are only STEM applicants prioritized?",29
7,"Do they verify declared income thoroughly?",15
147,"Does scholarship status affect visa timeline?",8
149,"Does funding confirmation help at the embassy?",9
160,"Most common visa interview questions?",12
60,"Deadline plus test scheduling advice?",15
191,"Does the scholarship include living stipend?",18
150,"Bank document requirements and visa timeline?",9
169,"Work rights under this scholarship?",2
112,"Better to highlight growth or accolades?",0
198,"Monthly budget range in that city?",8
123,"Visa processing duration estimate?",3
72,"Is intake rolling and when is the final deadline?",11
186,"Average monthly student expenses?",5
130,"Do they question post-graduation plans?",2
182,"Is health coverage part of tuition?",1
151,"Are career plans discussed at interviews?",0
83,"Recommended word count for personal statements?",3
90,"In essays, prioritize impact or narrative?",9
97,"Are AI-edited drafts flagged?",12
32,"Minimum GPA and essay weight balance?",12
68,"Rolling cycle clarification please",28
148,"Embassy question patterns?",5
113,"Are grammar-check AI tools allowed?",5
128,"Current visa wait time?",11
6,"Is eligibility limited to technical majors?",18
41,"Optimal timing for language test booking?",13
161,"Does funding allow part-time work and cover rent?",0
172,"Does scholarship include cost-of-living allowance?",6
20,"Would a 2.5 GPA be immediately rejected?",12
103,"How extensive should a personal statement be?",0
175,"Is insurance automatically included?",2
177,"Does scholarship extend to healthcare coverage?",0
139,"What are typical embassy interview prompts?",6
184,"Monthly expense breakdown insights?",7
101,"Story-driven essay vs results-driven essay?",3
163,"Work permission under scholarship terms?",0
117,"Personal statement length guidance?",1
143,"Does funding status influence visa outcome?",4
104,"Achievement list or narrative arc?",11
50,"Application cutoff confirmation needed",14
64,"If missing fall intake, is spring seamless?",15
165,"Living cost hacks from students?",13
99,"Tips for avoiding cliché essay openings?",9
180,"Is rent covered under scholarship?",5
168,"Are insurance costs separate?",7
197,"Does award provide monthly stipend?",5
133,"Recent visa processing time?",0
121,"Original bank documents mandatory?",7
19,"Do they cross-check financial disclosures?",18
15,"Minimum grades plus income check details?",15
89,"Suggested personal statement length?",0
164,"Is health insurance embedded in tuition?",12
190,"Typical monthly spending range?",7
62,"Spring intake timing advice?",11
34,"Do grades outweigh essays in final decisions?",20
26,"Is GPA the primary filter?",18
80,"Is one month realistic for full application prep?",5
28,"Would a 2.8 GPA be competitive for non-STEM?",17
145,"Visa duration updates?",3
53,"Best time to schedule required tests?",11
25,"Eligibility for lower GPA applicants?",20
1,"Is this funding exclusive to STEM?",26
40,"Do essays compensate for weaker grades?",23
200,"Estimated monthly student living cost?",2
193,"Monthly cost survival estimate?",2
3,"Grade average vs essay strength — which prevails?",19
85,"Strong essay openings vs achievements emphasis?",16
2,"Is financial vetting part of evaluation?",24
125,"Current embassy visa processing time?",14
61,"Can spring intake be pursued after missing fall?",7
162,"Budget estimate for one month abroad?",0
86,"Discussing adversity professionally in essays?",5
98,"How long should the SOP ideally run?",7